dataset/2/img_294.jpg,two
dataset/2/img_462.jpg,two
dataset/2/img_474.jpg,two
dataset/2/img_354.jpg,two
dataset/2/img_298.jpg,two
dataset/2/img_348.jpg,two
dataset/2/img_241.jpg,two
dataset/2/img_16.jpg,two
dataset/2/img_94.jpg,two
dataset/2/img_477.jpg,two
dataset/2/img_44.jpg,two
dataset/2/img_73.jpg,two
dataset/2/img_370.jpg,two
dataset/2/img_239.jpg,two
dataset/2/img_306.jpg,two
dataset/2/img_235.jpg,two
dataset/2/img_383.jpg,two
dataset/2/img_444.jpg,two
dataset/2/img_271.jpg,two
dataset/2/img_473.jpg,two
dataset/2/img_112.jpg,two
dataset/2/img_55.jpg,two
dataset/2/img_365.jpg,two
dataset/2/img_397.jpg,two
dataset/2/img_178.jpg,two
dataset/2/img_361.jpg,two
dataset/2/img_207.jpg,two
dataset/2/img_199.jpg,two
dataset/2/img_463.jpg,two
dataset/2/img_341.jpg,two
dataset/2/img_432.jpg,two
dataset/2/img_324.jpg,two
dataset/2/img_169.jpg,two
dataset/2/img_190.jpg,two
dataset/2/img_24.jpg,two
dataset/2/img_278.jpg,two
dataset/2/img_275.jpg,two
dataset/2/img_353.jpg,two
dataset/2/img_287.jpg,two
dataset/3/img_253.jpg,three
dataset/3/img_212.jpg,three
dataset/3/img_13.jpg,three
dataset/3/img_615.jpg,three
dataset/3/img_333.jpg,three
dataset/3/img_363.jpg,three
dataset/3/img_70.jpg,three
dataset/3/img_568.jpg,three
dataset/3/img_230.jpg,three
dataset/3/img_565.jpg,three
dataset/3/img_431.jpg,three
dataset/3/img_234.jpg,three
dataset/3/img_284.jpg,three
dataset/3/img_334.jpg,three
dataset/3/img_25.jpg,three
dataset/3/img_9.jpg,three
dataset/3/img_481.jpg,three
dataset/3/img_181.jpg,three
dataset/3/img_232.jpg,three
dataset/3/img_489.jpg,three
dataset/3/img_240.jpg,three
dataset/3/img_606.jpg,three
dataset/3/img_166.jpg,three
dataset/3/img_46.jpg,three
dataset/3/img_581.jpg,three
dataset/3/img_219.jpg,three
dataset/3/img_225.jpg,three
dataset/3/img_65.jpg,three
dataset/3/img_379.jpg,three
dataset/3/img_492.jpg,three
dataset/3/img_320.jpg,three
dataset/3/img_392.jpg,three
dataset/3/img_387.jpg,three
dataset/3/img_314.jpg,three
dataset/3/img_537.jpg,three
dataset/3/img_311.jpg,three
dataset/3/img_417.jpg,three
dataset/3/img_150.jpg,three
dataset/3/img_610.jpg,three
dataset/5/img_243.jpg,five
dataset/5/img_350.jpg,five
dataset/5/img_147.jpg,five
dataset/5/img_539.jpg,five
dataset/5/img_119.jpg,five
dataset/5/img_186.jpg,five
dataset/5/img_518.jpg,five
dataset/5/img_174.jpg,five
dataset/5/img_244.jpg,five
dataset/5/img_434.jpg,five
dataset/5/img_128.jpg,five
dataset/5/img_389.jpg,five
dataset/5/img_385.jpg,five
dataset/5/img_561.jpg,five
dataset/5/img_589.jpg,five
dataset/5/img_151.jpg,five
dataset/5/img_301.jpg,five
dataset/5/img_8.jpg,five
dataset/5/img_167.jpg,five
dataset/5/img_443.jpg,five
dataset/5/img_144.jpg,five
dataset/5/img_99.jpg,five
dataset/5/img_503.jpg,five
dataset/5/img_297.jpg,five
dataset/5/img_218.jpg,five
dataset/5/img_498.jpg,five
dataset/5/img_414.jpg,five
dataset/5/img_107.jpg,five
dataset/5/img_62.jpg,five
dataset/5/img_367.jpg,five
dataset/5/img_569.jpg,five
dataset/5/img_580.jpg,five
dataset/5/img_80.jpg,five
dataset/5/img_460.jpg,five
dataset/5/img_511.jpg,five
dataset/5/img_328.jpg,five
dataset/5/img_347.jpg,five
dataset/5/img_330.jpg,five
dataset/5/img_557.jpg,five
dataset/5/img_525.jpg,five
dataset/5/img_456.jpg,five
dataset/5/img_125.jpg,five
dataset/6/img_127.jpg,six
dataset/6/img_89.jpg,six
dataset/6/img_532.jpg,six
dataset/6/img_109.jpg,six
dataset/6/img_362.jpg,six
dataset/6/img_630.jpg,six
dataset/6/img_505.jpg,six
dataset/6/img_159.jpg,six
dataset/6/img_164.jpg,six
dataset/6/img_227.jpg,six
dataset/6/img_64.jpg,six
dataset/6/img_591.jpg,six
dataset/6/img_160.jpg,six
dataset/6/img_607.jpg,six
dataset/6/img_340.jpg,six
dataset/6/img_229.jpg,six
dataset/6/img_123.jpg,six
dataset/6/img_583.jpg,six
dataset/6/img_45.jpg,six
dataset/6/img_317.jpg,six
dataset/6/img_179.jpg,six
dataset/6/img_289.jpg,six
dataset/6/img_282.jpg,six
dataset/6/img_634.jpg,six
dataset/6/img_604.jpg,six
dataset/6/img_550.jpg,six
dataset/6/img_352.jpg,six
dataset/6/img_252.jpg,six
dataset/6/img_369.jpg,six
dataset/6/img_72.jpg,six
dataset/6/img_396.jpg,six
dataset/6/img_422.jpg,six
dataset/6/img_270.jpg,six
dataset/6/img_266.jpg,six
dataset/6/img_500.jpg,six
dataset/6/img_93.jpg,six
dataset/6/img_217.jpg,six
dataset/6/img_202.jpg,six
dataset/6/img_74.jpg,six
dataset/6/img_21.jpg,six
dataset/6/img_133.jpg,six
dataset/6/img_374.jpg,six
dataset/7/img_339.jpg,seven
dataset/7/img_573.jpg,seven
dataset/7/img_386.jpg,seven
dataset/7/img_654.jpg,seven
dataset/7/img_136.jpg,seven
dataset/7/img_274.jpg,seven
dataset/7/img_76.jpg,seven
dataset/7/img_293.jpg,seven
dataset/7/img_50.jpg,seven
dataset/7/img_509.jpg,seven
dataset/7/img_436.jpg,seven
dataset/7/img_48.jpg,seven
dataset/7/img_223.jpg,seven
dataset/7/img_336.jpg,seven
dataset/7/img_620.jpg,seven
dataset/7/img_586.jpg,seven
dataset/7/img_18.jpg,seven
dataset/7/img_609.jpg,seven
dataset/7/img_254.jpg,seven
dataset/7/img_408.jpg,seven
dataset/7/img_521.jpg,seven
dataset/7/img_206.jpg,seven
dataset/7/img_478.jpg,seven
dataset/7/img_138.jpg,seven
dataset/7/img_117.jpg,seven
dataset/7/img_259.jpg,seven
dataset/7/img_358.jpg,seven
dataset/7/img_29.jpg,seven
dataset/7/img_578.jpg,seven
dataset/7/img_343.jpg,seven
dataset/7/img_308.jpg,seven
dataset/7/img_6.jpg,seven
dataset/7/img_126.jpg,seven
dataset/7/img_132.jpg,seven
dataset/7/img_393.jpg,seven
dataset/7/img_304.jpg,seven
dataset/7/img_359.jpg,seven
dataset/7/img_47.jpg,seven
dataset/7/img_608.jpg,seven
dataset/7/img_102.jpg,seven
dataset/7/img_593.jpg,seven
dataset/7/img_321.jpg,seven
dataset/7/img_120.jpg,seven
dataset/0/img_357.jpg,zero
dataset/0/img_4.jpg,zero
dataset/0/img_508.jpg,zero
dataset/0/img_435.jpg,zero
dataset/0/img_69.jpg,zero
dataset/0/img_196.jpg,zero
dataset/0/img_248.jpg,zero
dataset/0/img_203.jpg,zero
dataset/0/img_366.jpg,zero
dataset/0/img_200.jpg,zero
dataset/0/img_1.jpg,zero
dataset/0/img_193.jpg,zero
dataset/0/img_54.jpg,zero
dataset/0/img_114.jpg,zero
dataset/0/img_286.jpg,zero
dataset/0/img_404.jpg,zero
dataset/0/img_5.jpg,zero
dataset/0/img_111.jpg,zero
dataset/0/img_108.jpg,zero
dataset/0/img_285.jpg,zero
dataset/0/img_157.jpg,zero
dataset/0/img_418.jpg,zero
dataset/0/img_288.jpg,zero
dataset/0/img_201.jpg,zero
dataset/0/img_260.jpg,zero
dataset/0/img_538.jpg,zero
dataset/0/img_17.jpg,zero
dataset/0/img_276.jpg,zero
dataset/0/img_373.jpg,zero
dataset/0/img_153.jpg,zero
dataset/0/img_344.jpg,zero
dataset/0/img_251.jpg,zero
dataset/0/img_23.jpg,zero
dataset/0/img_264.jpg,zero
dataset/0/img_433.jpg,zero
dataset/0/img_279.jpg,zero
dataset/0/img_98.jpg,zero
dataset/0/img_146.jpg,zero
dataset/0/img_412.jpg,zero
dataset/0/img_204.jpg,zero
dataset/0/img_375.jpg,zero
dataset/0/img_486.jpg,zero
dataset/8/img_674.jpg,eight
dataset/8/img_406.jpg,eight
dataset/8/img_629.jpg,eight
dataset/8/img_176.jpg,eight
dataset/8/img_514.jpg,eight
dataset/8/img_485.jpg,eight
dataset/8/img_647.jpg,eight
dataset/8/img_106.jpg,eight
dataset/8/img_87.jpg,eight
dataset/8/img_637.jpg,eight
dataset/8/img_461.jpg,eight
dataset/8/img_268.jpg,eight
dataset/8/img_67.jpg,eight
dataset/8/img_512.jpg,eight
dataset/8/img_154.jpg,eight
dataset/8/img_506.jpg,eight
dataset/8/img_377.jpg,eight
dataset/8/img_517.jpg,eight
dataset/8/img_222.jpg,eight
dataset/8/img_245.jpg,eight
dataset/8/img_290.jpg,eight
dataset/8/img_395.jpg,eight
dataset/8/img_319.jpg,eight
dataset/8/img_454.jpg,eight
dataset/8/img_605.jpg,eight
dataset/8/img_425.jpg,eight
dataset/8/img_421.jpg,eight
dataset/8/img_416.jpg,eight
dataset/8/img_175.jpg,eight
dataset/8/img_30.jpg,eight
dataset/8/img_246.jpg,eight
dataset/8/img_197.jpg,eight
dataset/8/img_337.jpg,eight
dataset/8/img_611.jpg,eight
dataset/8/img_10.jpg,eight
dataset/8/img_331.jpg,eight
dataset/8/img_318.jpg,eight
dataset/8/img_551.jpg,eight
dataset/8/img_105.jpg,eight
dataset/8/img_171.jpg,eight
dataset/8/img_672.jpg,eight
dataset/8/img_20.jpg,eight
dataset/8/img_449.jpg,eight
dataset/1/img_544.jpg,one
dataset/1/img_209.jpg,one
dataset/1/img_255.jpg,one
dataset/1/img_191.jpg,one
dataset/1/img_257.jpg,one
dataset/1/img_468.jpg,one
dataset/1/img_182.jpg,one
dataset/1/img_0.jpg,one
dataset/1/img_476.jpg,one
dataset/1/img_281.jpg,one
dataset/1/img_2.jpg,one
dataset/1/img_96.jpg,one
dataset/1/img_79.jpg,one
dataset/1/img_41.jpg,one
dataset/1/img_37.jpg,one
dataset/1/img_35.jpg,one
dataset/1/img_185.jpg,one
dataset/1/img_118.jpg,one
dataset/1/img_598.jpg,one
dataset/1/img_342.jpg,one
dataset/1/img_480.jpg,one
dataset/1/img_484.jpg,one
dataset/1/img_522.jpg,one
dataset/1/img_549.jpg,one
dataset/1/img_388.jpg,one
dataset/1/img_256.jpg,one
dataset/1/img_426.jpg,one
dataset/1/img_68.jpg,one
dataset/1/img_424.jpg,one
dataset/1/img_491.jpg,one
dataset/1/img_52.jpg,one
dataset/1/img_529.jpg,one
dataset/1/img_371.jpg,one
dataset/1/img_495.jpg,one
dataset/1/img_61.jpg,one
dataset/1/img_77.jpg,one
dataset/1/img_594.jpg,one
dataset/1/img_59.jpg,one
dataset/1/img_124.jpg,one
dataset/1/img_584.jpg,one
dataset/1/img_221.jpg,one
dataset/1/img_295.jpg,one
dataset/4/img_309.jpg,four
dataset/4/img_39.jpg,four
dataset/4/img_516.jpg,four
dataset/4/img_291.jpg,four
dataset/4/img_130.jpg,four
dataset/4/img_66.jpg,four
dataset/4/img_420.jpg,four
dataset/4/img_78.jpg,four
dataset/4/img_409.jpg,four
dataset/4/img_467.jpg,four
dataset/4/img_445.jpg,four
dataset/4/img_351.jpg,four
dataset/4/img_376.jpg,four
dataset/4/img_428.jpg,four
dataset/4/img_530.jpg,four
dataset/4/img_163.jpg,four
dataset/4/img_390.jpg,four
dataset/4/img_382.jpg,four
dataset/4/img_430.jpg,four
dataset/4/img_3.jpg,four
dataset/4/img_215.jpg,four
dataset/4/img_277.jpg,four
dataset/4/img_524.jpg,four
dataset/4/img_145.jpg,four
dataset/4/img_148.jpg,four
dataset/4/img_423.jpg,four
dataset/4/img_81.jpg,four
dataset/4/img_332.jpg,four
dataset/4/img_494.jpg,four
dataset/4/img_170.jpg,four
dataset/4/img_541.jpg,four
dataset/4/img_258.jpg,four
dataset/4/img_49.jpg,four
dataset/4/img_378.jpg,four
dataset/4/img_115.jpg,four
dataset/4/img_299.jpg,four
dataset/4/img_531.jpg,four
dataset/4/img_205.jpg,four
dataset/4/img_446.jpg,four
dataset/4/img_122.jpg,four
dataset/4/img_490.jpg,four
dataset/4/img_32.jpg,four
dataset/4/img_548.jpg,four
dataset/9/img_100.jpg,nine
dataset/9/img_349.jpg,nine
dataset/9/img_262.jpg,nine
dataset/9/img_83.jpg,nine
dataset/9/img_429.jpg,nine
dataset/9/img_437.jpg,nine
dataset/9/img_88.jpg,nine
dataset/9/img_280.jpg,nine
dataset/9/img_211.jpg,nine
dataset/9/img_33.jpg,nine
dataset/9/img_53.jpg,nine
dataset/9/img_161.jpg,nine
dataset/9/img_27.jpg,nine
dataset/9/img_11.jpg,nine
dataset/9/img_238.jpg,nine
dataset/9/img_475.jpg,nine
dataset/9/img_469.jpg,nine
dataset/9/img_535.jpg,nine
dataset/9/img_384.jpg,nine
dataset/9/img_368.jpg,nine
dataset/9/img_562.jpg,nine
dataset/9/img_338.jpg,nine
dataset/9/img_439.jpg,nine
dataset/9/img_520.jpg,nine
dataset/9/img_483.jpg,nine
dataset/9/img_158.jpg,nine
dataset/9/img_95.jpg,nine
dataset/9/img_86.jpg,nine
dataset/9/img_441.jpg,nine
dataset/9/img_455.jpg,nine
dataset/9/img_310.jpg,nine
dataset/9/img_457.jpg,nine
dataset/9/img_499.jpg,nine
dataset/9/img_213.jpg,nine
dataset/9/img_28.jpg,nine
dataset/9/img_210.jpg,nine
dataset/9/img_283.jpg,nine
dataset/9/img_40.jpg,nine
dataset/9/img_501.jpg,nine
dataset/9/img_558.jpg,nine
dataset/9/img_165.jpg,nine
dataset/9/img_303.jpg,nine
dataset/9/img_180.jpg,nine